2008-12-16	COP	20846	-	-	-	10:34	11:04	30	0	0	CB_20846.dat	 1.3G	LH2	Cu	-	5 nA	  5nA, 10mm Cu, 3mm colli, LH2, M>=2, E>100 MeV, PID only @ end
2008-12-16	COP	20847	-	-	-	11:04	11:49	45	30	0.5	CB_20847.dat	 1.8G	LH2	Cu	-	5 nA	  20nA, 10mmCu, 3mmColl, LH2, M>=2 E>100MeV
2008-12-16	ADJ	20848	-	-	para	11:53	12:03	10	2387	39.78	CB_20848.dat	 479M	LH2	Diamond	para	20 nA	  20nA, diamond-PARA, 3mmColl, LH2, M>=2 E>100MeV, used to adjust goniometer axis only
2008-12-16	PRO	20849	x	c	perp	12:03	12:41	38	2387	39.78	CB_20849.dat	 1.8G	LH2	Diamond	perp	20 nA	  20nA, diamond-PERP, 3mmColl, LH2, M>=2 E>100MeV
2008-12-16	PRO	20850	x	c	perp	12:41	13:19	38	2377	39.62	CB_20850.dat	 1.8G	LH2	Diamond	perp	20 nA	  20nA, diamond-PERP, 3mmColl, LH2, M>=2 E>100MeV 
2008-12-16	PRO	20851	x	c	para	13:19	13:57	38	2339	38.98	CB_20851.dat	 1.8G	LH2	Diamond	para	20 nA	  20nA, diamond-PARA, 3mmColl, LH2, M>=2 E>100MeV
2008-12-16	PRO	20852	x	c	para	13:57	14:34	37	2301	38.35	CB_20852.dat	 1.8G	LH2	Diamond	para	20 nA	  20nA, diamond-PARA, 3mmColl, LH2, M>=2 E>100MeV
2008-12-16	JNK	20853	-	-	perp	16:03	16:09	6	2226	37.1	CB_20853.dat	  38M	LH2	Diamond	perp	2 nA	  2nA, diamond-PERP, 3mmColl, LH2, M>=2 E>100, logbook has 2mA listed for current, Rate test for MWPCs, para_axis2= -1.796 para_axis4= 3.796
2008-12-16	PRO	20854	x	ec	perp	16:10	16:56	46	2220	37	CB_20854.dat	 534M	LH2	Diamond	perp	5 nA	 5 nA,diamond-PERP, 3mmColl, LH2, M>=2 E>100, logbook has 5mA listed stop time not listed, doesn't say why file is smaller
2008-12-16	PRO	20855	x	para	perp	17:19	18:23	64	2174	36.23	CB_20855.dat	 1.7G	LH2	Diamond	perp	5 nA	 5 nA,diamond-PERP, 3mmColl, LH2, M>=2 E>100, logbook has 5mA listed, ratio adjusted to 559.500,beam current increased to 20mA during the run
2008-12-16	COP	20856	-	-	-	18:23	18:46	23	2174	36.23	CB_20856.dat	 760M	LH2	Cu	-	5 nA	  5nA, 10mmCu, 3mmColl, LH2, M>=2 E>100MeV
2008-12-16	ADJ	20857	-	-	para	18:46	19:03	17	2110	35.17	CB_20857.dat	 793M	LH2	Diamond	para	20 nA	  20nA, diamond-PARA, 3mmColl, LH2, M>=2 E>100MeV, testing peak position for PARA and PERP
2008-12-16	PRO	20858	x	c	para	19:03	19:41	38	2087	34.78	CB_20858.dat	 1.8G	LH2	Diamond	para	20 nA	  20nA, diamond-PARA, 3mmColl, LH2, M>=2 E>100MeV, logbook has 20mA againâ€¦.might just be bad handwriting
2008-12-16	PRO	20859	x	c	para	19:45	20:21	36	2032	33.87	CB_20859.dat	 1.8G	LH2	Diamond	para	20 nA	  20nA, diamond-PARA, 3mmColl, LH2, M>=2 E>100MeV
2008-12-16	PRO	20860	x	c	para	20:21	20:58	37	2032	33.87	CB_20860.dat	 1.8G	LH2	Diamond	para	20 nA	  20nA, diamond-PARA, 3mmColl, LH2, M>=2 E>100MeV
2008-12-16	PRO	20861	x	c	para	20:58	21:34	36	1996	33.27	CB_20861.dat	 1.8G	LH2	Diamond	para	20 nA	  20nA, diamond-PARA, 3mmColl, LH2, M>=2 E>100MeV
2008-12-16	PRO	20862	x	c	perp	21:42	22:18	36	1923	32.05	CB_20862.dat	 1.8G	LH2	Diamond	perp	20 nA	  20nA, diamond-PERP, 3mmColl, LH2, M>=2 E>100MeV
2008-12-16	PRO	20863	x	c	perp	22:18	22:54	36	1923	32.05	CB_20863.dat	 1.8G	LH2	Diamond	perp	20 nA	  20nA, diamond-PERP, 3mmColl, LH2, M>=2 E>100MeV
2008-12-16	PRO	20864	x	c	perp	22:54	23:30	36	1887	31.45	CB_20864.dat	 1.8G	LH2	Diamond	perp	20 nA	  20nA, diamond-PERP, 3mmColl, LH2, M>=2 E>100MeV
2008-12-17	PRO	20865	x	c	perp	23:30	0:09	39	1851	30.85	CB_20865.dat	 1.8G	LH2	Diamond	perp	20 nA	  20nA, diamond-PERP, 3mmColl, LH2, M>=2 E>100MeV
2008-12-17	PRO	20866	x	c	para	0:09	0:46	37	1815	30.25	CB_20866.dat	 1.8G	LH2	Diamond	para	20 nA	  20nA, diamond-PARA, 3mmColl, LH2, M>=2 E>100MeV, nudged, para_axis=-1.779,para_axis4= -3.779
2008-12-17	PRO	20867	x	c	para	0:46	1:23	37	1776	29.6	CB_20867.dat	 1.8G	LH2	Diamond	para	20 nA	  20nA, diamond-PARA, 3mmColl, LH2, M>=2 E>100MeV 
2008-12-17	PRO	20868	x	c	para	1:23	2:00	37	1739	28.98	CB_20868.dat	 1.8G	LH2	Diamond	para	20 nA	  20nA, diamond-PARA, 3mmColl, LH2, M>=2 E>100MeV 
2008-12-17	PRO	20869	x	c	para	2:00	2:38	38	1702	28.37	CB_20869.dat	 1.9G	LH2	Diamond	para	20 nA	  20nA, diamond-PARA, 3mmColl, LH2, M>=2 E>100MeV    
2008-12-17	PRO	20870	x	c	perp	2:38	3:14	36	1665	27.75	CB_20870.dat	 1.8G	LH2	Diamond	perp	20 nA	  20nA, diamond-PERP, 3mmColl, LH2, M>=2 E>100MeV                    
2008-12-17	PRO	20871	x	c	perp	3:14	3:51	37	1627	27.12	CB_20871.dat	 1.8G	LH2	Diamond	perp	20 nA	  20nA, diamond-PERP, 3mmColl, LH2, M>=2 E>100MeV      
2008-12-17	PRO	20872	x	c	perp	3:51	4:29	38	1591	26.52	CB_20872.dat	 1.8G	LH2	Diamond	perp	20 nA	  20nA, diamond-PERP, 3mmColl, LH2, M>=2 E>100MeV  
2008-12-17	PRO	20873	x	c	perp	4:29	5:08	39	1554	25.9	CB_20873.dat	 1.8G	LH2	Diamond	perp	20 nA	  20nA, diamond-PERP, 3mmColl, LH2, M>=2 E>100MeV, OR/P2 ratio increased to n63k by end of file
2008-12-17	PRO	20874	x	c	para	5:43	6:20	37	1477	24.62	CB_20874.dat	 1.8G	LH2	Diamond	para	20 nA	  20nA, diamond-PARA, 3mmColl, LH2, M>=2 E>100MeV, beam adjusted, goniometer nudged
2008-12-17	PRO	20875	x	c	para	6:20	6:36	16	1477	24.62	CB_20875.dat	 670M	LH2	Diamond	para	20 nA	  20nA, diamond-PARA, 3mmColl, LH2, M>=2 E>100MeV, MAMI lost the beam
2008-12-17	JNK	20876	-	-	para	6:36	10:24	228	1440	24	CB_20876.dat	 544K	LH2	Diamond	para	20 nA	  20nA, diamond-PARA, 3mmColl, LH2, M>=2 E>100MeV                        
2008-12-17	COP	20877	-	-	-	10:27	11:14	47	1196	19.93	CB_20877.dat	 1.8G	LH2	Cu	-	5 nA	  5nA, 10mmCu, 3mmColl, LH2, M>=2 E>100MeV, can't read comment
2008-12-17	ADJ	20878	-	-	para	11:14	11:34	20	1196	19.93	CB_20878.dat	 966M	LH2	Diamond	para	20 nA	  20nA, diamond-PARA, 3mmColl, LH2, M>=2 E>100MeV, adjusting polarization peaks
2008-12-17	PRO	20879	x	c	para	11:34	12:11	37	1149	19.15	CB_20879.dat	 1.8G	LH2	Diamond	para	20 nA	  20nA, diamond-PARA, 3mmColl, LH2, M>=2 E>100MeV
2008-12-17	PRO	20880	x	c	para	12:11	12:48	37	1129	18.82	CB_20880.dat	 1.8G	LH2	Diamond	para	20 nA	  20nA, diamond-PARA, 3mmColl, LH2, M>=2 E>100MeV
2008-12-17	ADJ	20881	-	-	perp	12:48	12:57	9	1092	18.2	CB_20881.dat	 395M	LH2	Diamond	perp	20 nA	  20nA, diamond-PERP, 3mmColl, LH2, M>=2 E>100MeV, beam adjusting
2008-12-17	JNK	20882	-	-	perp	12:57	13:01	4	1055	17.58	CB_20882.dat	 182M	LH2	Diamond	perp	20 nA	  20nA, diamond-PERP, 3mmColl, LH2, M>=2 E>100MeV, MAMI asked to stop
2008-12-17	PRO	20883	x	c	perp	13:52	14:29	37	1042	17.37	CB_20883.dat	 1.8G	LH2	Diamond	perp	20 nA	  20nA, diamond-PERP, 3mmColl, LH2, M>=2 E>100MeV
2008-12-17	PRO	20884	x	c	perp	14:29	15:05	36	1042	17.37	CB_20884.dat	 1.8G	LH2	Diamond	perp	20 nA	  20nA, diamond-PERP, 3mmColl, LH2, M>=2 E>100MeV, nudged perp upwards
2008-12-17	JNK	20889	-	-	perp	16:47	16:54	7	969	16.15	CB_20889.dat	 339M	LH2	Diamond	perp	20 nA	  20nA, diamond-PERP, 3mmColl, LH2, M>=2 E>100MeV, out of sync
2008-12-17	PRO	20890	x	c	perp	16:56	17:36	40	969	16.15	CB_20890.dat	 1.8G	LH2	Diamond	perp	20 nA	  20nA, diamond-PERP, 3mmColl, LH2, M>=2 E>100MeV
2008-12-17	JNK	20891	-	-	perp	17:35	17:43	8	962	16.03	CB_20891.dat	  60M	LH2	Diamond	perp	2 nA	  2nA, diamond-PERP, 3mmColl, LH2, M_>=2 E>100MeV
2008-12-17	JNK	20892	-	-	perp	17:43	18:00	17	922	15.37	CB_20892.dat	 261M	LH2	Diamond	perp	5 nA	  5nA, diamond-PERP, 3mmColl, LH2, M>=2 E>100MeV
2008-12-17	PRO	20893	x	c	perp	18:00	18:39	39	914	15.23	CB_20893.dat	 1.8G	LH2	Diamond	perp	20 nA	  20nA, diamond-PERP, 3mmColl, LH2, M>=2 E>100MeV 
2008-12-17	PRO	20894	x	c	perp	18:39	19:17	38	897	14.95	CB_20894.dat	 1.8G	LH2	Diamond	perp	20 nA	  20nA, diamond-PERP, 3mmColl, LH2, M>=2 E>100MeV, peak position is rate dependent
2008-12-17	PRO	20895	x	c	perp	19:17	19:55	38	858	14.3	CB_20895.dat	 1.8G	LH2	Diamond	perp	20 nA	  20nA, diamond-PERP, 3mmColl, LH2, M>=2 E>100MeV 
2008-12-18	PRO	20896	x	c	para	20:04	20:33	29	782	13.03	CB_20896.dat	 1.3G	LH2	Diamond	para	20 nA	  20nA, diamond-PARA, 3mmColl, LH2, M>=2 E>100MeV, beam went off due to radiation alarm, magnets malfunctioning
2008-12-18	PRO	20897	x	c	perp	4:14	4:51	37	753	12.55	CB_20897.dat	 1.8G	LH2	Diamond	perp	20 nA	  20nA, diamond-PERP, 3mmColl, LH2, M>=2 E>100MeV
2008-12-18	PRO	20898	x	c	perp	4:51	5:28	37	753	12.55	CB_20898.dat	 1.8G	LH2	Diamond	perp	20 nA	  20nA, diamond-PERP, 3mmColl, LH2, M>=2 E>100MeV
2008-12-18	PRO	20899	x	c	para	5:54	6:31	37	679	11.32	CB_20899.dat	 1.8G	LH2	Diamond	para	20 nA	  20nA, diamond-PARA, 3mmColl, LH2, M>=2 E>100MeV, test peak nudging
2008-12-18	PRO	20900	x	c	para	6:31	7:09	38	679	11.32	CB_20900.dat	 1.8G	LH2	Diamond	para	20 nA	  20nA, diamond-PARA, 3mmColl, LH2, M>=2 E>100MeV
2008-12-18	PRO	20901	x	c	para	7:09	7:47	38	642	10.7	CB_20901.dat	 1.8G	LH2	Diamond	para	20 nA	  20nA, diamond-PARA, 3mmColl, LH2, M>=2 E>100MeV
2008-12-18	PRO	20902	x	c	para	7:47	8:24	37	604	10.07	CB_20902.dat	 1.8G	LH2	Diamond	para	20 nA	  20nA, diamond-PARA, 3mmColl, LH2, M>=2 E>100MeV
2008-12-18	PRO	20903	x	c	para	8:24	9:00	36	566	9.43	CB_20903.dat	 1.8G	LH2	Diamond	para	20 nA	  20nA, diamond-PARA, 3mmColl, LH2, M>=2 E>100MeV  
2008-12-18	PRO	20904	x	c	para	9:00	9:38	38	529	8.82	CB_20904.dat	 1.9G	LH2	Diamond	para	20 nA	  20nA, diamond-PARA, 3mmColl, LH2, M>=2 E>100MeV     
2008-12-18	PRO	20905	x	c	perp	9:38	10:13	35	493	8.22	CB_20905.dat	 1.8G	LH2	Diamond	perp	20 nA	  20nA, diamond PERP, 3mm colli, LH2, M>=2 E>100 MeV
2008-12-18	PRO	20906	x	c	perp	10:13	10:48	35	455	7.58	CB_20906.dat	 1.8G	LH2	Diamond	perp	20 nA	  20nA, diamond PERP, 3mm colli, LH2, M>=2 E>100 MeV      
2008-12-18	PRO	20907	x	c	perp	10:48	11:22	34	420	7	CB_20907.dat	 1.8G	LH2	Diamond	perp	20 nA	  20nA, diamond PERP, 3mm colli, LH2, M>=2 E>100 MeV   
2008-12-18	PRO	20908	x	c	perp	11:22	11:55	33	385	6.42	CB_20908.dat	 1.8G	LH2	Diamond	perp	20 nA	  20nA, diamond PERP, 3mm colli, LH2, M>=2 E>100 MeV  
2008-12-18	PRO	20914	x	c	para	14:52	15:28	36	318	5.3	CB_20914.dat	 1.8G	LH2	Diamond	para	20 nA	  20nA, diamond PARA,  3mm colli, LH2, M>=2 E>100 MeV, out of sync
2008-12-18	PRO	20915	x	c	para	15:28	16:05	37	318	5.3	CB_20915.dat	 1.8G	LH2	Diamond	para	20 nA	  20nA, diamond PARA,  3mm colli, LH2, M>=2 E>100 MeV
2008-12-18	PRO	20916	x	c	para	16:05	16:30	25	282	4.7	CB_20916.dat	 769M	LH2	Diamond	para	20 nA	  20nA, diamond PARA,  3mm colli, LH2, M>=2 E>100 MeV, lost interrupts 
2008-12-18	PRO	20917	x	c	para	16:30	17:07	37	245	4.08	CB_20917.dat	 1.8G	LH2	Diamond	para	20 nA	  20nA, diamond PARA,  3mm colli, LH2, M>=2 E>100 MeV    
2008-12-18	PRO	20918	x	c	para	17:07	17:45	38	220	3.67	CB_20918.dat	 1.8G	LH2	Diamond	para	20 nA	  20nA, diamond PARA,  3mm colli, LH2, M>=2 E>100 MeV    
2008-12-18	PRO	20919	x	c	perp	17:55	18:31	36	145	2.42	CB_20919.dat	 1.8G	LH2	Diamond	perp	20 nA	  20nA, diamond PERP, 3mm colli, LH2, M>=2 E>100 MeV 
2008-12-18	PRO	20920	x	c	perp	18:31	19:07	36	145	2.42	CB_20920.dat	 1.8G	LH2	Diamond	perp	20 nA	  20nA, diamond PERP, 3mm colli, LH2, M>=2 E>100 MeV 
2008-12-18	PRO	20921	x	c	perp	19:07	19:43	36	109	1.82	CB_20921.dat	 1.8G	LH2	Diamond	perp	20 nA	  20nA, diamond PERP, 3mm colli, LH2, M>=2 E>100 MeV 
2008-12-18	PRO	20922	x	c	perp	19:43	20:20	37	73	1.22	CB_20922.dat	 1.8G	LH2	Diamond	perp	20 nA	  20nA, diamond PERP, 3mm colli, LH2, M>=2 E>100 MeV 
2008-12-18	PRO	20923	x	c	para	20:25	21:02	37	#REF!	#REF!	CB_20923.dat	 1.8G	LH2	Diamond	para	20 nA	  20nA, diamond PARA, 3mm colli, LH2, M>=2 E>100 MeV 
2008-12-18	PRO	20924	x	c	para	21:01	21:38	37	37	0.62	CB_20924.dat	 1.8G	LH2	Diamond	para	20 nA	  20nA, diamond PARA, 3mm colli, LH2, M>=2 E>100 MeV
2008-12-18	PRO	20925	x	c	para	21:38	22:15	37	74	1.23	CB_20925.dat	 1.8G	LH2	Diamond	para	20 nA	  20nA, diamond PARA, 3mm colli, LH2, M>=2 E>100 MeV
2008-12-18	PRO	20926	x	c	para	22:15	22:51	36	111	1.85	CB_20926.dat	 1.8G	LH2	Diamond	para	20 nA	  20nA, diamond PARA, 3mm colli, LH2, M>=2 E>100 MeV
2008-12-18	PRO	20927	x	c	perp	22:58	23:34	36	147	2.45	CB_20927.dat	 1.8G	LH2	Diamond	perp	20 nA	  20nA, diamond PERP, 3mm colli, LH2, M>=2 E>100 MeV
2008-12-19	PRO	20928	x	c	perp	23:34	0:10	36	183	3.05	CB_20928.dat	 1.8G	LH2	Diamond	perp	20 nA	  20nA, diamond PERP, 3mm colli, LH2, M>=2 E>100 MeV 
2008-12-19	PRO	20929	x	c	perp	0:10	0:46	36	219	3.65	CB_20929.dat	 1.8G	LH2	Diamond	perp	20 nA	  20nA, diamond PERP, 3mm colli, LH2, M>=2 E>100 MeV 
2008-12-19	PRO	20930	x	c	perp	0:46	1:24	38	255	4.25	CB_20930.dat	 1.8G	LH2	Diamond	perp	20 nA	  20nA, diamond PERP, 3mm colli, LH2, M>=2 E>100 MeV 
2008-12-19	PRO	20931	x	c	para	1:24	2:00	36	293	4.88	CB_20931.dat	 1.8G	LH2	Diamond	para	20 nA	  20nA, diamond PARA, 3mm colli, LH2, M>=2 E>100 MeV 
2008-12-19	PRO	20932	x	c	para	2:00	2:36	36	329	5.48	CB_20932.dat	 1.8G	LH2	Diamond	para	20 nA	  20nA, diamond PARA, 3mm colli, LH2, M>=2 E>100 MeV 
2008-12-19	PRO	20933	x	c	para	2:36	3:12	36	365	6.08	CB_20933.dat	 1.8G	LH2	Diamond	para	20 nA	  20nA, diamond PARA, 3mm colli, LH2, M>=2 E>100 MeV 
2008-12-19	PRO	20934	x	c	para	3:12	3:49	37	401	6.68	CB_20934.dat	 1.8G	LH2	Diamond	para	20 nA	  20nA, diamond PARA, 3mm colli, LH2, M>=2 E>100 MeV 
2008-12-19	PRO	20935	x	c	perp	3:49	4:25	36	438	7.3	CB_20935.dat	 1.8G	LH2	Diamond	perp	20 nA	  20nA, diamond PERP, 3mm colli, LH2, M>=2 E>100 MeV 
2008-12-19	PRO	20936	x	c	perp	4:25	5:01	36	474	7.9	CB_20936.dat	 1.8G	LH2	Diamond	perp	20 nA	  20nA, diamond PERP, 3mm colli, LH2, M>=2 E>100 MeV 
2008-12-19	PRO	20937	x	c	perp	5:00	5:36	36	510	8.5	CB_20937.dat	 1.8G	LH2	Diamond	perp	20 nA	  20nA, diamond PERP, 3mm colli, LH2, M>=2 E>100 MeV 
2008-12-19	PRO	20938	x	c	perp	5:36	6:13	37	546	9.1	CB_20938.dat	 1.8G	LH2	Diamond	perp	20 nA	  20nA, diamond PERP, 3mm colli, LH2, M>=2 E>100 MeV 
2008-12-19	PRO	20939	x	c	para	6:13	6:49	36	583	9.72	CB_20939.dat	 1.8G	LH2	Diamond	para	20 nA	  20nA, diamond PARA, 3mm colli, LH2, M>=2 E>100 MeV  
2008-12-19	PRO	20940	x	c	para	6:49	7:24	35	619	10.32	CB_20940.dat	 1.8G	LH2	Diamond	para	20 nA	  20nA, diamond PARA, 3mm colli, LH2, M>=2 E>100 MeV  
2008-12-19	PRO	20941	x	c	para	7:24	8:00	36	654	10.9	CB_20941.dat	 1.8G	LH2	Diamond	para	20 nA	  20nA, diamond PARA, 3mm colli, LH2, M>=2 E>100 MeV  
2008-12-19	PRO	20942	x	c	para	8:00	8:37	37	690	11.5	CB_20942.dat	 1.8G	LH2	Diamond	para	20 nA	  20nA, diamond PARA, 3mm colli, LH2, M>=2 E>100 MeV
2008-12-19	PRO	20943	x	c	perp	8:36	9:12	36	727	12.12	CB_20943.dat	 1.8G	LH2	Diamond	perp	20 nA	  20nA, diamond-PERP, 3mmColl, LH2, M>=2 E>100MeV   
2008-12-19	PRO	20944	x	c	perp	9:12	9:48	36	763	12.72	CB_20944.dat	 1.8G	LH2	Diamond	perp	20 nA	  20nA, diamond-PERP, 3mmColl, LH2, M>=2 E>100MeV                         
2008-12-19	PRO	20945	x	c	perp	9:47	10:23	36	799	13.32	CB_20945.dat	 1.8G	LH2	Diamond	perp	20 nA	  20nA, diamond-PERP, 3mmColl, LH2, M>=2 E>100MeV     
2008-12-19	PRO	20946	x	c	perp	10:23	10:59	36	835	13.92	CB_20946.dat	 1.8G	LH2	Diamond	perp	20 nA	  20nA, diamond-PERP, 3mmColl, LH2, M>=2 E>100MeV  
2008-12-19	PRO	20947	x	c	para	10:59	11:35	36	871	14.52	CB_20947.dat	 1.8G	LH2	Diamond	para	20 nA	  20nA, diamond-PARA, 3mmColl, LH2, M>=2 E>100MeV
2008-12-19	PRO	20948	x	c	para	11:35	12:11	36	907	15.12	CB_20948.dat	 1.8G	LH2	Diamond	para	20 nA	  20nA, diamond-PARA, 3mmColl, LH2, M>=2 E>100MeV    
2008-12-19	PRO	20954	x	c	para	14:27	15:03	36	943	15.72	CB_20954.dat	 1.8G	LH2	Diamond	para	20 nA	  20nA, diamond-PARA, 3mmColl, LH2, M>=2 E>100MeV
2008-12-19	PRO	20955	x	c	para	15:03	15:41	38	979	16.32	CB_20955.dat	 1.8G	LH2	Diamond	para	20 nA	  20nA, diamond-PARA, 3mmColl, LH2, M>=2 E>100MeV
2008-12-19	PRO	20956	x	c	perp	15:41	16:17	36	1017	16.95	CB_20956.dat	 1.8G	LH2	Diamond	perp	20 nA	  20nA, diamond-PERP, 3mmColl, LH2, M>=2 E>100MeV  
2008-12-19	PRO	20957	x	c	perp	16:17	16:54	37	1053	17.55	CB_20957.dat	 1.8G	LH2	Diamond	perp	20 nA	  20nA, diamond-PERP, 3mmColl, LH2, M>=2 E>100MeV
2008-12-19	PRO	20958	x	c	perp	16:54	17:30	36	1090	18.17	CB_20958.dat	 1.8G	LH2	Diamond	perp	20 nA	  20nA, diamond-PERP, 3mmColl, LH2, M>=2 E>100MeV
2008-12-19	PRO	20959	x	c	perp	17:30	18:07	37	1126	18.77	CB_20959.dat	 1.8G	LH2	Diamond	perp	20 nA	  20nA, diamond-PERP, 3mmColl, LH2, M>=2 E>100MeV
2008-12-19	PRO	20960	x	c	para	18:11	18:47	36	1163	19.38	CB_20960.dat	 1.8G	LH2	Diamond	para	20 nA	  20nA, diamond-PARA, 3mmColl, LH2, M>=2 E>100MeV
2008-12-19	PRO	20961	x	c	para	18:47	19:23	36	1199	19.98	CB_20961.dat	 1.8G	LH2	Diamond	para	20 nA	  20nA, diamond-PARA, 3mmColl, LH2, M>=2 E>100MeV
2008-12-19	PRO	20962	x	c	para	19:23	20:00	37	1235	20.58	CB_20962.dat	 1.9G	LH2	Diamond	para	20 nA	  20nA, diamond-PARA, 3mmColl, LH2, M>=2 E>100MeV
2008-12-19	CHK	20963	-	-	para	20:00	20:37	37	1272	21.2	CB_20963.dat	 1.8G	LH2	Diamond	para	20 nA	  20nA, diamond-PARA, 3mmColl, LH2, M>=2 E>100MeV
2008-12-19	CHK	20964	-	-	perp	20:37	21:14	37	1309	21.82	CB_20964.dat	 1.8G	LH2	Diamond	perp	20 nA	  20nA, diamond-PERP, 3mmColl, LH2, M>=2 E>100MeV
2008-12-19	CHK	20965	-	-	perp	21:14	21:42	28	1346	22.43	CB_20965.dat	 826M	LH2	Diamond	perp	20 nA	  20nA, diamond-PERP, 3mmColl, LH2, M>=2 E>100MeV
2008-12-19	EMT	20966	-	-	perp	21:42	23:28	106	1374	22.9	CB_20966.dat	 1.8G	H2 Gas	Diamond	perp	20 nA	  20nA, diamond-PERP, 3mmColl, empty, M>=2 E>100MeV
2008-12-20	EMT	20967	-	-	para	23:28	1:14	106	1480	24.67	CB_20967.dat	 1.8G	H2 Gas	Diamond	para	20 nA	  20nA, diamond-PARA, 3mmColl, empty, M>=2 E>100MeV
2008-12-20	EMT	20968	-	-	para	1:14	3:00	106	1586	26.43	CB_20968.dat	 1.8G	H2 Gas	Diamond	para	20 nA	  20nA, diamond-PARA, 3mmColl, empty, M>=2 E>100MeV
2008-12-20	EMT	20969	-	-	perp	3:00	4:47	107	1692	28.2	CB_20969.dat	 1.8G	H2 Gas	Diamond	perp	20 nA	  20nA, diamond-PERP, 3mmColl, empty, M>=2 E>100MeV
2008-12-20	EMT	20970	-	-	perp	4:47	6:37	110	1799	29.98	CB_20970.dat	 1.8G	H2 Gas	Diamond	perp	20 nA	  20nA, diamond-PERP, 3mmColl, empty, M>=2 E>100MeV
2008-12-20	EMT	20971	-	-	para	6:37	8:27	110	1909	31.82	CB_20971.dat	 1.8G	H2 Gas	Diamond	para	20 nA	  20nA, diamond-PARA, 3mmColl, empty, M>=2 E>100MeV
2008-12-20	EMT	20972	-	-	para	8:27	10:18	111	2019	33.65	CB_20972.dat	 1.8G	H2 Gas	Diamond	para	20 nA	  20nA, diamond-PARA, 3mmColl, empty, M>=2 E>100MeV  
2008-12-20	JNK	20973	-	-	perp	10:18	11:01	43	2130	35.5	CB_20973.dat	 655M	H2 Gas	Diamond	perp	20 nA	  20nA, diamond-PERP, 3mmColl, empty, M>=2 E>100MeV, ACQU stopped
2008-12-20	EMT	20974	-	-	perp	11:01	12:52	111	2173	36.22	CB_20974.dat	 1.8G	H2 Gas	Diamond	perp	20 nA	  20nA, diamond-PERP, 3mmColl, empty, M>=2 E>100MeV 
2008-12-20	EMT	20975	-	-	perp	12:52	14:40	108	2284	38.07	CB_20975.dat	 1.8G	H2 Gas	Diamond	perp	20 nA	  20nA, diamond-PERP, 3mmColl, empty, M>=2 E>100MeV 
2008-12-20	ADJ	20981	-	-	para	16:35	16:58	23	2392	39.87	CB_20981.dat	 363M	H2 Gas	Diamond	para	20 nA	  20nA, diamond-PARA, 3mmColl, LH2, M>=2 E>100MeV, adjusting
2008-12-20	EMT	20982	-	-	para	16:58	18:50	112	2415	40.25	CB_20982.dat	 1.8G	H2 Gas	Diamond	para	20 nA	  20nA, diamond-PARA, 3mmColl, LH2, M>=2 E>100MeV 
2008-12-20	EMT	20983	-	-	para	18:50	19:17	27	2527	42.12	CB_20983.dat	 272M	H2 Gas	Diamond	para	20 nA	  20nA, diamond-PARA, 3mmColl, EMPTY, M>=2 E>100MeV
2008-12-20	FIL	20984	-	-	para	19:17	20:45	88	2554	42.57	CB_20984.dat	 1.8G	filling	Diamond	para	20 nA	  20nA, PARA, 3mm, LH2 filling from 19:15, M>=2 E>100MeV
2008-12-20	FIL	20985	-	-	para	20:45	21:23	38	2642	44.03	CB_20985.dat	 1.8G	filling	Diamond	para	20 nA	  20nA, PARA, 3mm, LH2 filling from 19:15, M>=2 E>100MeV
2008-12-20	PRO	20986	x	c	para	21:23	22:00	37	2680	44.67	CB_20986.dat	 1.8G	LH2	Diamond	para	20 nA	  20nA, PARA, 3mm, LH2, M>=2 E>100MeV
2008-12-20	PRO	20987	x	c	para	22:00	22:37	37	2717	45.28	CB_20987.dat	 1.8G	LH2	Diamond	para	20 nA	  20nA, PARA, 3mm, LH2 10cm, M>=2 E>100MeV
2008-12-20	PRO	20988	x	c	para	22:37	23:17	40	2754	45.9	CB_20988.dat	 1.8G	LH2	Diamond	para	20 nA	  20nA, PARA, 3mm, LH2 10cm, M>=2 E>100MeV
2008-12-20	PRO	20989	x	c	perp	23:17	23:54	37	2794	46.57	CB_20989.dat	 1.8G	LH2	Diamond	perp	20 nA	  20nA, diamond-PERP, 3mmColl, LH2, M>=2 E>100MeV
2008-12-21	PRO	20990	x	c	perp	23:54	0:31	37	2831	47.18	CB_20990.dat	 1.8G	LH2	Diamond	perp	20 nA	  20nA, diamond-PERP, 3mmColl, LH2, M>=2 E>100MeV
2008-12-21	PRO	20991	x	c	perp	0:31	1:09	38	2868	47.8	CB_20991.dat	 1.8G	LH2	Diamond	perp	20 nA	  20nA, diamond-PERP, 3mmColl, LH2, M>=2 E>100MeV, polarization edge position re-aligned between 20991 and 20992
2008-12-21	PRO	20992	x	c	perp	1:09	1:46	37	2906	48.43	CB_20992.dat	 1.8G	LH2	Diamond	perp	20 nA	  20nA, diamond-PERP, 3mmColl, LH2, M>=2 E>100MeV
2008-12-21	PRO	20993	x	c	para	1:46	2:24	38	2943	49.05	CB_20993.dat	 1.8G	LH2	Diamond	para	20 nA	  20nA, PARA, 3mm, LH2 10cm, M>=2 E>100MeV
2008-12-21	PRO	20994	x	c	para	2:23	3:00	37	2981	49.68	CB_20994.dat	 1.8G	LH2	Diamond	para	20 nA	  20nA, PARA, 3mm, LH2 10cm, M>=2 E>100MeV
2008-12-21	PRO	20995	x	c	para	3:00	3:37	37	3018	50.3	CB_20995.dat	 1.8G	LH2	Diamond	para	20 nA	  20nA, PARA, 3mm, LH2 10cm, M>=2 E>100MeV
2008-12-21	PRO	20996	x	c	para	3:37	4:15	38	3055	50.92	CB_20996.dat	 1.8G	LH2	Diamond	para	20 nA	  20nA, PARA, 3mm, LH2 10cm, M>=2 E>100MeV
2008-12-21	PRO	20997	x	perp	para	4:15	4:52	37	3093	51.55	CB_20997.dat	 1.8G	LH2	Diamond	para	20 nA	  20nA, PARA 3mm, LH2 10cm, M>=2 E>100MeV, polarization doesn't match logbook
2008-12-21	PRO	20998	x	perp	para	4:52	5:29	37	3130	52.17	CB_20998.dat	 1.8G	LH2	Diamond	para	20 nA	  20nA, PARA, 3mm, LH2 10cm, M>=2 E>100MeV, polarization doesn't match logbook
2008-12-21	PRO	20999	x	c	perp	5:29	6:06	37	3167	52.78	CB_20999.dat	 1.8G	LH2	Diamond	perp	20 nA	  20nA, perp, 3mm, LH2 10cm, M>=2 E>100MeV
2008-12-21	PRO	21000	x	c	perp	6:06	6:44	38	3204	53.4	CB_21000.dat	 1.8G	LH2	Diamond	perp	20 nA	  20nA, perp, 3mm, LH2 10cm, M>=2 E>100MeV
2008-12-21	PRO	21001	x	c	para	6:44	7:21	37	3242	54.03	CB_21001.dat	 1.8G	LH2	Diamond	para	20 nA	  20nA, PARA, 3mm, LH2 10cm, M>=2 E>100MeV
2008-12-21	PRO	21002	x	c	para	7:21	7:58	37	3279	54.65	CB_21002.dat	 1.8G	LH2	Diamond	para	20 nA	  20nA, PARA, 3mm, LH2 10cm, M>=2 E>100MeV
2008-12-21	PRO	21003	x	c	para	7:58	8:35	37	3316	55.27	CB_21003.dat	 1.8G	LH2	Diamond	para	20 nA	  20nA, PARA, 3mm, LH2 10cm, M>=2 E>100MeV
2008-12-21	CHK	21004	-	-	para	8:35	9:01	26	3353	55.88	CB_21004.dat	 1.3G	LH2	Diamond	para	20 nA	  20nA, PARA, 3mm, LH2 10cm, M>=2 E>100MeV, DAQ crashed
2008-12-21	JNK	21005	-	-	para	9:23	9:23	0	3379	56.32	CB_21005.dat	  16M	LH2	Diamond	para	20 nA	  20nA, PARA, 3mm, LH2 10cm, M>=2 E>100MeV, out of sync
2008-12-21	PRO	21006	x	c	para	9:27	10:04	37	3379	56.32	CB_21006.dat	 1.8G	LH2	Diamond	para	20 nA	  20nA, PARA, 3mm, LH2 10cm, M>=2 E>100MeV
2008-12-21	PRO	21007	x	c	para	10:04	10:42	38	3416	56.93	CB_21007.dat	 1.8G	LH2	Diamond	para	20 nA	  20nA, PARA, 3mm, LH2 10cm, M>=2 E>100MeV
2008-12-21	PRO	21008	x	c	perp	10:42	11:19	37	3454	57.57	CB_21008.dat	 1.8G	LH2	Diamond	perp	20 nA	  20nA, PERP, 3mm, LH2 10cm, M>=2 E>100MeV
2008-12-21	PRO	21009	x	c	perp	11:19	11:55	36	3491	58.18	CB_21009.dat	 1.8G	LH2	Diamond	perp	20 nA	  20nA, PERP, 3mm, LH2 10cm, M>=2 E>100MeV
2008-12-21	CHK	21010	-	-	perp	12:03	12:08	5	3527	58.78	CB_21010.dat	 152M	LH2	Diamond	perp	20 nA	  20nA, PERP, 3mm, LH2 10cm, M>=2 E>100MeV, I corrected the time here
2008-12-21	PRO	21011	x	c	perp	12:08	12:46	38	3532	58.87	CB_21011.dat	 1.8G	LH2	Diamond	perp	20 nA	  20nA, PERP, 3mm, LH2 10cm, M>=2 E>100, adjusted postion of radiator to fullfil edge position
2008-12-21	PRO	21012	x	c	perp	12:46	13:23	37	3570	59.5	CB_21012.dat	 1.8G	LH2	Diamond	perp	20 nA	  20nA, PERP, 3mm, LH2 10cm, M>=2 E>100MeV, polarizations don't match
2008-12-21	PRO	21013	x	c	para	13:23	14:00	37	3607	60.12	CB_21013.dat	 1.8G	LH2	Diamond	para	20 nA	  20nA, PARA, 3mm, LH2 10cm, M>=2 E>100MeV
2008-12-21	PRO	21014	x	c	para	14:00	14:37	37	3644	60.73	CB_21014.dat	 1.8G	LH2	Diamond	para	20 nA	  20nA, PARA, 3mm, LH2 10cm, M>=2 E>100MeV
2008-12-21	PRO	21015	x	c	para	14:37	15:14	37	3681	61.35	CB_21015.dat	 1.8G	LH2	Diamond	para	20 nA	  20nA, PARA, 3mm, LH2 10cm, M>=2 E>100MeV
2008-12-21	PRO	21016	x	c	para	15:14	15:51	37	3718	61.97	CB_21016.dat	 1.8G	LH2	Diamond	para	20 nA	  20nA, PARA, 3mm, LH2 10cm, M>=2 E>100MeV
2008-12-21	PRO	21017	x	c	perp	15:51	16:29	38	3755	62.58	CB_21017.dat	 1.8G	LH2	Diamond	perp	20 nA	  20nA, PERP, 3mm, LH2 10cm, M>=2 E>100MeV
2008-12-21	PRO	21018	x	c	perp	16:29	17:06	37	3793	63.22	CB_21018.dat	 1.8G	LH2	Diamond	perp	20 nA	  20nA, PERP, 3mm, LH2 10cm, M>=2 E>100MeV 
2008-12-21	PRO	21019	x	c	perp	17:06	17:43	37	3830	63.83	CB_21019.dat	 1.8G	LH2	Diamond	perp	20 nA	  20nA, PERP, 3mm, LH2 10cm, M>=2 E>100MeV
2008-12-21	PRO	21020	x	c	perp	17:43	18:22	39	3867	64.45	CB_21020.dat	 1.8G	LH2	Diamond	perp	20 nA	  20nA, PERP, 3mm, LH2 10cm, M>=2 E>100MeV 
2008-12-21	PRO	21021	x	perp	para	18:22	18:59	37	3906	65.1	CB_21021.dat	 1.8G	LH2	Diamond	para	20 nA	  20nA, PARA,  3mm, LH2 10cm, M>=2 E>100MeV
2008-12-21	PRO	21022	x	perp	para	18:59	19:35	36	3943	65.72	CB_21022.dat	 1.8G	LH2	Diamond	para	20 nA	  20nA, PARA,  3mm, LH2 10cm, M>=2 E>100MeV 
2008-12-21	PRO	21023	x	perp	para	19:35	20:12	37	3979	66.32	CB_21023.dat	 1.8G	LH2	Diamond	para	20 nA	  20nA, PARA,  3mm, LH2 10cm, M>=2 E>100MeV 
2008-12-21	PRO	21024	x	perp	para	20:12	20:51	39	4016	66.93	CB_21024.dat	 1.8G	LH2	Diamond	para	20 nA	  20nA, PARA,  3mm, LH2 10cm, M>=2 E>100MeV 
2008-12-21	PRO	21025	x	c	perp	20:51	21:28	37	4055	67.58	CB_21025.dat	 1.8G	LH2	Diamond	perp	20 nA	  20nA, PERP, 3mm, LH2 10cm, M>=2 E>100MeV 
2008-12-21	PRO	21026	x	c	perp	21:28	22:05	37	4092	68.2	CB_21026.dat	 1.8G	LH2	Diamond	perp	20 nA	  20nA, PERP, 3mm, LH2 10cm, M>=2 E>100MeV 
2008-12-21	PRO	21027	x	c	perp	22:05	22:42	37	4129	68.82	CB_21027.dat	 1.8G	LH2	Diamond	perp	20 nA	  20nA, PERP, 3mm, LH2 10cm, M>=2 E>100MeV 
2008-12-21	PRO	21028	x	c	perp	22:42	23:20	38	4166	69.43	CB_21028.dat	 1.8G	LH2	Diamond	perp	20 nA	  20nA, PERP, 3mm, LH2 10cm, M>=2 E>100MeV 
2008-12-22	JNK	21029	-	-	para	23:23	0:16	53	4204	70.07	CB_21029.dat	  49M	LH2	Diamond	para	20 nA	  20nA, PARA,  3mm, LH2 10cm, M>=2 E>100MeV, beam went off during run
2008-12-22	CHK	21030	-	-	para	0:16	0:30	14	4257	70.95	CB_21030.dat	 680M	LH2	Diamond	para	20 nA	  20nA, PARA,  3mm, LH2 10cm, M>=2 E>100,first run after beam off
2008-12-22	PRO	21031	x	perp	para	0:30	1:08	38	4271	71.18	CB_21031.dat	 1.8G	LH2	Diamond	para	20 nA	  20nA, PARA,  3mm, LH2 10cm, M>=2 E>100, nudging
2008-12-22	PRO	21032	x	perp	para	1:07	1:45	38	4309	71.82	CB_21032.dat	 1.8G	LH2	Diamond	para	20 nA	  20nA, PARA,  3mm, LH2 10cm, M>=2 E>100MeV
2008-12-22	PRO	21033	x	perp	para	1:45	2:23	38	4347	72.45	CB_21033.dat	 1.8G	LH2	Diamond	para	20 nA	  20nA, PARA,  3mm, LH2 10cm, M>=2 E>100MeV, nudged a bit
2008-12-22	PRO	21034	x	c	perp	2:23	3:01	38	4385	73.08	CB_21034.dat	 1.8G	LH2	Diamond	perp	20 nA	  20nA, PERP,  3mm, LH2 10cm, M>=2 E>100MeV, perp nudged a bit
2008-12-22	PRO	21035	x	c	perp	3:01	3:38	37	4423	73.72	CB_21035.dat	 1.8G	LH2	Diamond	perp	20 nA	  20nA, PERP,  3mm, LH2 10cm, M>=2 E>100MeV
2008-12-22	PRO	21036	x	c	perp	3:38	4:15	37	4460	74.33	CB_21036.dat	 1.8G	LH2	Diamond	perp	20 nA	  20nA, PERP,  3mm, LH2 10cm, M>=2 E>100MeV
2008-12-22	PRO	21037	x	c	perp	4:15	4:54	39	4497	74.95	CB_21037.dat	 1.8G	LH2	Diamond	perp	20 nA	  20nA, PERP,  3mm, LH2 10cm, M>=2 E>100MeV
2008-12-22	ADJ	21038	-	-	para	4:54	5:17	23	4536	75.6	CB_21038.dat	 764M	LH2	Diamond	para	20 nA	  20nA, PARA,  3mm, LH2 10cm, M>=2 E>100MeV, radiator nudging, JUNK
2008-12-22	ADJ	21039	-	-	para	5:17	5:45	28	4559	75.98	CB_21039.dat	 1.3G	LH2	Diamond	para	20 nA	  20nA, PARA,  3mm, LH2 10cm, M>=2 E>100MeV, radiator nudging, JUNK
2008-12-22	PRO	21040	x	c	para	5:45	6:22	37	4587	76.45	CB_21040.dat	 1.8G	LH2	Diamond	para	20 nA	  20nA, PARA,  3mm, LH2 10cm, M>=2 E>100MeV, unstable edge
2008-12-22	PRO	21041	x	c	para	6:22	7:00	38	4624	77.07	CB_21041.dat	 1.8G	LH2	Diamond	para	20 nA	  20nA, PARA,  3mm, LH2 10cm, M>=2 E>100MeV , unstable edge                               
2008-12-22	PRO	21042	x	c	para	7:00	7:38	38	4662	77.7	CB_21042.dat	 1.8G	LH2	Diamond	para	20 nA	  20nA, PARA,  3mm, LH2 10cm, M>=2 E>100MeV
2008-12-22	PRO	21043	x	c	para	7:38	8:31	53	4700	78.33	CB_21043.dat	 1.8G	LH2	Diamond	para	20 nA	  20nA, PARA,  3mm, LH2 10cm, M>=2 E>100MeV                                   
2008-12-22	JNK	21044	-	-	perp	8:31	8:44	13	4753	79.22	CB_21044.dat	 652M	LH2	Diamond	perp	20 nA	  20nA, PERP, 3mmColl, LH2 10cm, M>=2 E>100MeV, radiator nudging, JUNK
2008-12-22	JNK	21045	-	-	perp	8:44	8:49	5	4766	79.43	CB_21045.dat	 249M	LH2	Diamond	perp	20 nA	  20nA, PERP, 3mmColl, LH2 10cm, M>=2 E>100MeV, run aborted due to missing SumScalars Spectrum
2008-12-22	PRO	21046	x	c	perp	8:53	9:30	37	4771	79.52	CB_21046.dat	 1.8G	LH2	Diamond	perp	20 nA	  20nA, PERP, 3mmColl, LH2 10cm, M>=2 E>100MeV 
2008-12-22	PRO	21047	x	c	perp	9:30	10:08	38	4808	80.13	CB_21047.dat	 1.8G	LH2	Diamond	perp	20 nA	  20nA, PERP, 3mmColl, LH2 10cm, M>=2 E>100MeV 
2008-12-22	PRO	21048	x	c	perp	10:08	10:45	37	4846	80.77	CB_21048.dat	 1.8G	LH2	Diamond	perp	20 nA	  20nA, PERP, 3mmColl, LH2 10cm, M>=2 E>100MeV 
2008-12-22	PRO	21049	x	c	perp	10:45	11:23	38	4883	81.38	CB_21049.dat	 1.8G	LH2	Diamond	perp	20 nA	  20nA, PERP, 3mmColl, LH2 10cm, M>=2 E>100MeV 
2008-12-22	JNK	21050	-	-	para	11:34	12:15	41	4921	82.02	CB_21050.dat	 905M	LH2	Diamond	para	20 nA	  20nA, PARA, 3mm, LH2 10cm, M>=2 E>100MeV, ratio and ege became V. high
2008-12-22	PRO	21051	x	c	para	12:28	13:06	38	4962	82.7	CB_21051.dat	 1.8G	LH2	Diamond	para	20 nA	  20nA, PARA, 3mm, LH2 10cm, M>=2 E>100MeV 
2008-12-22	PRO	21052	x	c	para	13:06	13:15	9	5000	83.33	CB_21052.dat	 183M	LH2	Diamond	para	20 nA	  20nA, PARA, 3mm, LH2 10cm, M>=2 E>100MeV, emptying target with nudging
2008-12-22	EMT	21053	-	-	para	13:24	15:39	135	5009	83.48	CB_21053.dat	 1.8G	H2 Gas	Diamond	para	20 nA	  20nA, PARA, 3mm, empty target (cold gas), M>=2 E>100MeV, cold gas inside cell?
2008-12-22	EMT	21054	-	-	para	15:39	16:01	22	5144	85.73	CB_21054.dat	 354M	Empty	Diamond	para	20 nA	  20nA, PARA, 3mm, empty target (pumped, p<1mbar), M>=2 E>100MeV 
2008-12-22	EMT	21060	-	-	para	18:16	20:07	111	5166	86.1	CB_21060.dat	 1.8G	Empty	Diamond	para	20 nA	  20nA, PARA, 3mm, empty target (pumped, p<1mbar), M>=2 E>100MeV
2008-12-22	EMT	21061	-	-	para	20:07	22:01	114	5277	87.95	CB_21061.dat	 1.8G	Empty	Diamond	para	20 nA	  20nA, PARA, 3mm, empty target (pumped, p<1mbar), M>=2 E>100MeV
2008-12-23	EMT	21062	-	-	perp	22:16	0:08	112	5391	89.85	CB_21062.dat	 1.8G	Empty	Diamond	perp	20 nA	  20nA, PERP, 3mm, empty target (pumped, p<1mbar), M>=2 E>100MeV
2008-12-23	EMT	21063	-	-	para	0:07	1:59	112	5503	91.72	CB_21063.dat	 1.8G	Empty	Diamond	para	20 nA	  20nA, PARAP, 3mm, empty target (pumped, p<1mbar), M>=2 E>100MeV
2008-12-23	EMT	21064	-	-	perp	1:59	3:51	112	5615	93.58	CB_21064.dat	 1.8G	Empty	Diamond	perp	20 nA	  20nA, PERP, 3mm, empty target (pumped, p<1mbar), M>=2 E>100MeV
2008-12-23	EMT	21065	-	-	para	3:51	5:43	112	5727	95.45	CB_21065.dat	 1.8G	Empty	Diamond	para	20 nA	  20nA, PARA, 3mm, empty target (pumped, p<1mbar), M>=2 E>100MeV
2008-12-23	EMT	21066	-	-	perp	5:43	6:09	26	5839	97.32	CB_21066.dat	 318M	Empty	Diamond	perp	20 nA	  20nA, PERP, 3mm, empty target (pumped, p<1mbar), M>=2 E>100MeV
2008-12-23	BKG	21067	-	-	-	6:09	11:55	346	5865	97.75	CB_21067.dat	 1.8G	Empty	-	-	Beam Off	  background only
